date,source,title,address,borough,developers,url
2026-10-04,DOB NOW: Build – Approved Permits,Structural,NEPTUNE AVENUE,Brooklyn,532 NEPTUNE AVENUE,https://data.cityofnewyork.us/resource/rbx6-tga4.json
2026-10-04,DOB NOW: Build – Approved Permits,General Construction,BEDELL STREET,Staten Island,Bedell Estates Ltd,https://data.cityofnewyork.us/resource/rbx6-tga4.json
2026-10-04,DOB NOW: Build – Approved Permits,General Construction,PARK AVENUE SOUTH,Manhattan,BOSTON PROPERTIES,https://data.cityofnewyork.us/resource/rbx6-tga4.json
2026-10-04,DOB NOW: Build – Approved Permits,General Construction,AVENUE OF THE AMERICAS,Manhattan,Rockefeller Group,https://data.cityofnewyork.us/resource/rbx6-tga4.json
2026-10-04,DOB NOW: Build – Approved Permits,General Construction,QUEENS BOULEVARD,Queens,MIDWOOD MANAGEMENT CORP,https://data.cityofnewyork.us/resource/rbx6-tga4.json
2026-10-04,DOB NOW: Build – Approved Permits,Foundation,ARTHUR KILL ROAD,Staten Island,JOHN STRINGILE OWNER,https://data.cityofnewyork.us/resource/rbx6-tga4.json
2026-10-04,DOB NOW: Build – Approved Permits,General Construction,METROPOLITAN AVENUE,Queens,102-01,https://data.cityofnewyork.us/resource/rbx6-tga4.json
2026-10-04,DOB NOW: Build – Approved Permits,General Construction,JEROME STREET,Brooklyn,PR,https://data.cityofnewyork.us/resource/rbx6-tga4.json
2026-10-04,DOB NOW: Build – Approved Permits,General Construction,EAST   63 STREET,Manhattan,PR,https://data.cityofnewyork.us/resource/rbx6-tga4.json
2026-10-04,DOB NOW: Build – Approved Permits,Full Demolition,GOWER STREET,Staten Island,MP REALTY HOLDING CORP.,https://data.cityofnewyork.us/resource/rbx6-tga4.json
2026-10-04,DOB NOW: Build – Approved Permits,General Construction,CARMEL AVENUE,Staten Island,IGOR AMBRAMOV,https://data.cityofnewyork.us/resource/rbx6-tga4.json
2026-10-04,DOB NOW: Build – Approved Permits,Foundation,63 STREET,Brooklyn,Not Applicable,https://data.cityofnewyork.us/resource/rbx6-tga4.json
2026-10-04,DOB NOW: Build – Approved Permits,Structural,BEDELL STREET,Staten Island,Bedell Estates Ltd,https://data.cityofnewyork.us/resource/rbx6-tga4.json
2026-10-04,DOB NOW: Build – Approved Permits,Full Demolition,NORWAY AVENUE,Staten Island,EJM DEVELOPMENT,https://data.cityofnewyork.us/resource/rbx6-tga4.json
2026-10-04,DOB NOW: Build – Approved Permits,General Construction,69 PLACE,Queens,CMI CONSTRUCTION MGMT INC,https://data.cityofnewyork.us/resource/rbx6-tga4.json
2026-10-04,DOB NOW: Build – Approved Permits,Structural,PACIFIC STREET,Brooklyn,Not Applicable,https://data.cityofnewyork.us/resource/rbx6-tga4.json
2026-10-04,DOB NOW: Build – Approved Permits,Structural,77 ROAD,Queens,ROSE 77 REALTY LLC,https://data.cityofnewyork.us/resource/rbx6-tga4.json
2026-10-04,DOB NOW: Build – Approved Permits,General Construction,53 ROAD,Queens,6701 53RD LLC,https://data.cityofnewyork.us/resource/rbx6-tga4.json
2026-10-04,DOB NOW: Build – Approved Permits,Foundation,BEDELL STREET,Staten Island,Bedell Estates Ltd,https://data.cityofnewyork.us/resource/rbx6-tga4.json
2026-10-04,DOB NOW: Build – Approved Permits,General Construction,BROADWAY,Manhattan,G. HOLDINGS,https://data.cityofnewyork.us/resource/rbx6-tga4.json
2026-10-04,DOB NOW: Build – Approved Permits,Foundation,77 ROAD,Queens,162-11 UNION LLC,https://data.cityofnewyork.us/resource/rbx6-tga4.json
2026-10-04,DOB NOW: Build – Approved Permits,Structural,BENEDICT AVENUE,Staten Island,PR,https://data.cityofnewyork.us/resource/rbx6-tga4.json
2026-10-04,DOB NOW: Build – Approved Permits,General Construction,MOTT STREET,Manhattan,PR,https://data.cityofnewyork.us/resource/rbx6-tga4.json
2026-10-04,DOB NOW: Build – Approved Permits,General Construction,WEST   26 STREET,Manhattan,TF CORNERSTONE INC.,https://data.cityofnewyork.us/resource/rbx6-tga4.json
2026-10-04,DOB NOW: Build – Approved Permits,General Construction,NEPTUNE AVENUE,Brooklyn,Not Applicable,https://data.cityofnewyork.us/resource/rbx6-tga4.json
2026-10-04,DOB NOW: Build – Approved Permits,General Construction,WEST   13 STREET,Manhattan,SD BUILDERS AND CONSTRUCTION LLC,https://data.cityofnewyork.us/resource/rbx6-tga4.json
2026-10-04,DOB NOW: Build – Approved Permits,General Construction,35 AVENUE,Queens,PR,https://data.cityofnewyork.us/resource/rbx6-tga4.json
2026-10-04,DOB NOW: Build – Approved Permits,Support of Excavation,GRANITE STREET,Brooklyn,PAR GROUP,https://data.cityofnewyork.us/resource/rbx6-tga4.json
2026-10-04,DOB NOW: Build – Approved Permits,General Construction,COLUMBUS AVENUE,Manhattan,NYCHA,https://data.cityofnewyork.us/resource/rbx6-tga4.json
2026-10-04,DOB NOW: Build – Approved Permits,General Construction,169 STREET,Queens,PR,https://data.cityofnewyork.us/resource/rbx6-tga4.json
2026-10-04,DOB NOW: Build – Approved Permits,General Construction,63 STREET,Brooklyn,Not Applicable,https://data.cityofnewyork.us/resource/rbx6-tga4.json
2026-10-04,DOB NOW: Build – Approved Permits,Construction Fence,MADISON STREET,Brooklyn,PR,https://data.cityofnewyork.us/resource/rbx6-tga4.json
2026-10-04,DOB NOW: Build – Approved Permits,General Construction,WEST  232 STREET,Bronx,"ROBERT E. HILL, INC.",https://data.cityofnewyork.us/resource/rbx6-tga4.json
2026-10-04,DOB NOW: Build – Approved Permits,General Construction,HALSEY STREET,Brooklyn,PR,https://data.cityofnewyork.us/resource/rbx6-tga4.json
2026-10-04,DOB NOW: Build – Approved Permits,General Construction,WEST   42 STREET,Manhattan,TISHMAN REAL ESTATE MANAGEMENT,https://data.cityofnewyork.us/resource/rbx6-tga4.json
2026-10-04,DOB NOW: Build – Approved Permits,Structural,4 AVENUE,Brooklyn,PR,https://data.cityofnewyork.us/resource/rbx6-tga4.json
2026-10-04,DOB NOW: Build – Approved Permits,Structural,LINCOLN PLACE,Brooklyn,PR,https://data.cityofnewyork.us/resource/rbx6-tga4.json
2026-10-04,DOB NOW: Build – Approved Permits,Structural,AVENUE OF THE AMERICAS,Manhattan,Rockefeller Group,https://data.cityofnewyork.us/resource/rbx6-tga4.json
2026-10-04,DOB NOW: Build – Approved Permits,General Construction,60 STREET,Brooklyn,Not Applicable,https://data.cityofnewyork.us/resource/rbx6-tga4.json
2026-10-04,DOB NOW: Build – Approved Permits,Foundation,160 STREET,Queens,PR,https://data.cityofnewyork.us/resource/rbx6-tga4.json
2026-10-04,DOB NOW: Build – Approved Permits,Structural,14 AVENUE,Queens,UNITED DEVELOPERS LLC,https://data.cityofnewyork.us/resource/rbx6-tga4.json
2026-10-04,DOB NOW: Build – Approved Permits,General Construction,LINDEN BOULEVARD,Brooklyn,Summit Property Management Services,https://data.cityofnewyork.us/resource/rbx6-tga4.json
2026-10-04,DOB NOW: Build – Approved Permits,General Construction,EAST   69 STREET,Manhattan,69th Tenants Corp.,https://data.cityofnewyork.us/resource/rbx6-tga4.json
2026-10-04,DOB NOW: Build – Approved Permits,Structural,BROADWAY,Manhattan,PR,https://data.cityofnewyork.us/resource/rbx6-tga4.json
2026-10-04,DOB NOW: Build – Approved Permits,General Construction,KINGSBRIDGE AVENUE,Bronx,CANDOR MANAGEMENT GROUP,https://data.cityofnewyork.us/resource/rbx6-tga4.json
2026-10-04,DOB NOW: Build – Approved Permits,General Construction,YORK AVENUE,Manhattan,BONJOUR CAPITAL,https://data.cityofnewyork.us/resource/rbx6-tga4.json
2026-10-04,DOB NOW: Build – Approved Permits,General Construction,BENEDICT AVENUE,Staten Island,PR,https://data.cityofnewyork.us/resource/rbx6-tga4.json
2026-10-04,DOB NOW: Build – Approved Permits,General Construction,77 ROAD,Queens,ROSE 77 REALTY LLC,https://data.cityofnewyork.us/resource/rbx6-tga4.json
2026-10-04,DOB NOW: Build – Approved Permits,Structural,192 STREET,Queens,PR,https://data.cityofnewyork.us/resource/rbx6-tga4.json
2026-10-04,DOB NOW: Build – Approved Permits,Foundation,IRVING PLACE,BROOKLYN,BROOKLYN B COMPANY GROUP,https://data.cityofnewyork.us/resource/rbx6-tga4.json
2026-10-04,DOB NOW: Build – Approved Permits,Structural,32 AVENUE,Queens,N/A,https://data.cityofnewyork.us/resource/rbx6-tga4.json
2026-10-04,DOB NOW: Build – Approved Permits,Foundation,139 STREET,Queens,UNITED DEVELOPERS LLC,https://data.cityofnewyork.us/resource/rbx6-tga4.json
2026-10-04,DOB NOW: Build – Approved Permits,Construction Fence,EAST   94 STREET,Brooklyn,MTEK LLC,https://data.cityofnewyork.us/resource/rbx6-tga4.json
2026-10-04,DOB NOW: Build – Approved Permits,General Construction,14 AVENUE,Queens,UNITED DEVELOPERS LLC,https://data.cityofnewyork.us/resource/rbx6-tga4.json
2026-10-04,DOB NOW: Build – Approved Permits,General Construction,CONEY ISLAND AVENUE,Brooklyn,PR,https://data.cityofnewyork.us/resource/rbx6-tga4.json
2026-10-04,DOB NOW: Build – Approved Permits,Structural,HENRY HUDSON PARKWAY,Bronx,bn realty associates,https://data.cityofnewyork.us/resource/rbx6-tga4.json
2026-10-04,DOB NOW: Build – Approved Permits,General Construction,ARNOLD STREET,Staten Island,56 Arnold Street LLC,https://data.cityofnewyork.us/resource/rbx6-tga4.json
2026-10-04,DOB NOW: Build – Approved Permits,General Construction,HART STREET,Brooklyn,NYC SCHOOL CONSTRUCTION AUTHORITY,https://data.cityofnewyork.us/resource/rbx6-tga4.json
2026-10-04,DOB NOW: Build – Approved Permits,General Construction,MARCY AVENUE,Brooklyn,SIMON BRUCHA LLC,https://data.cityofnewyork.us/resource/rbx6-tga4.json
2026-10-04,DOB NOW: Build – Approved Permits,General Construction,SOUTH END AVENUE,Manhattan,LEFRAK,https://data.cityofnewyork.us/resource/rbx6-tga4.json
2026-10-04,DOB NOW: Build – Approved Permits,Foundation,LANDER AVENUE,Staten Island,AJC RENOVATIONS LLC,https://data.cityofnewyork.us/resource/rbx6-tga4.json
2026-10-04,DOB NOW: Build – Approved Permits,General Construction,STEINWAY STREET,Queens,NOCHES DE BRASIL RESTAURANT,https://data.cityofnewyork.us/resource/rbx6-tga4.json
2026-10-04,DOB NOW: Build – Approved Permits,Structural,21 AVENUE,Queens,PR,https://data.cityofnewyork.us/resource/rbx6-tga4.json
2026-10-04,DOB NOW: Build – Approved Permits,Construction Fence,CONGRESS STREET,BROOKLYN,HUNTINGTON & HICKS LLC,https://data.cityofnewyork.us/resource/rbx6-tga4.json
2026-10-04,DOB NOW: Build – Approved Permits,Structural,ARTHUR KILL ROAD,Staten Island,JOHN STRINGILE OWNER,https://data.cityofnewyork.us/resource/rbx6-tga4.json
2026-10-04,DOB NOW: Build – Approved Permits,General Construction,FIFTH AVENUE,Manhattan,GREENWICH TOWER OWNERS CORP,https://data.cityofnewyork.us/resource/rbx6-tga4.json
2026-10-04,DOB NOW: Build – Approved Permits,Structural,NORTHERN BOULEVARD,Queens,Not Applicable,https://data.cityofnewyork.us/resource/rbx6-tga4.json
2026-10-04,DOB NOW: Build – Approved Permits,Structural,HOLLYWOOD AVENUE,Queens,PR,https://data.cityofnewyork.us/resource/rbx6-tga4.json
2026-10-04,DOB NOW: Build – Approved Permits,General Construction,KENT AVENUE,Brooklyn,Not Applicable,https://data.cityofnewyork.us/resource/rbx6-tga4.json
2026-10-04,DOB NOW: Build – Approved Permits,General Construction,EAST   23 STREET,Manhattan,NYCSCA,https://data.cityofnewyork.us/resource/rbx6-tga4.json
2026-10-04,DOB NOW: Build – Approved Permits,General Construction,EAST   72 STREET,Manhattan,PR,https://data.cityofnewyork.us/resource/rbx6-tga4.json
2026-10-04,DOB NOW: Build – Approved Permits,Full Demolition,OCEAN PARKWAY,Brooklyn,Not Applicable,https://data.cityofnewyork.us/resource/rbx6-tga4.json
2026-10-04,DOB NOW: Build – Approved Permits,General Construction,SUTTER AVENUE,Brooklyn,NYC SCHOOL CONSTRUCTION AUTHORITY,https://data.cityofnewyork.us/resource/rbx6-tga4.json
2026-10-04,DOB NOW: Build – Approved Permits,General Construction,NOEL ROAD,Queens,Not Applicable,https://data.cityofnewyork.us/resource/rbx6-tga4.json
2026-10-04,DOB NOW: Build – Approved Permits,Foundation,KINGSBRIDGE AVENUE,Bronx,CANDOR MANAGEMENT GROUP,https://data.cityofnewyork.us/resource/rbx6-tga4.json
2026-10-04,DOB NOW: Build – Approved Permits,General Construction,MACDONOUGH STREET,Brooklyn,BRICKSTONE GROUP,https://data.cityofnewyork.us/resource/rbx6-tga4.json
2026-10-04,DOB NOW: Build – Approved Permits,Structural,EAST   94 STREET,Brooklyn,MTEK LLC,https://data.cityofnewyork.us/resource/rbx6-tga4.json
2026-10-04,DOB NOW: Build – Approved Permits,General Construction,WEST   57 STREET,Manhattan,PELICAN MANAGEMENT INC.,https://data.cityofnewyork.us/resource/rbx6-tga4.json
2026-10-04,DOB NOW: Build – Approved Permits,General Construction,ALLENDALE ROAD,Staten Island,Not Applicable,https://data.cityofnewyork.us/resource/rbx6-tga4.json
2026-10-04,DOB NOW: Build – Approved Permits,General Construction,ASTORIA BOULEVARD SOUTH,Queens,PR,https://data.cityofnewyork.us/resource/rbx6-tga4.json
2026-10-04,DOB NOW: Build – Approved Permits,General Construction,WEBB AVENUE,Bronx,PR,https://data.cityofnewyork.us/resource/rbx6-tga4.json
2026-10-04,DOB NOW: Build – Approved Permits,Foundation,PIDGEON MEADOW ROAD,Queens,N/A,https://data.cityofnewyork.us/resource/rbx6-tga4.json
2026-10-04,DOB NOW: Build – Approved Permits,Structural,MADISON AVENUE,Manhattan,SL GREEN REALTY CORP,https://data.cityofnewyork.us/resource/rbx6-tga4.json
2026-10-04,DOB NOW: Build – Approved Permits,General Construction,EAST   86 STREET,Manhattan,EXTELL DEVELOPMENT COMPANY,https://data.cityofnewyork.us/resource/rbx6-tga4.json
2026-10-04,DOB NOW: Build – Approved Permits,General Construction,WEST   72 STREET,Manhattan,260 APARTMENTS CORP,https://data.cityofnewyork.us/resource/rbx6-tga4.json
2026-10-04,DOB NOW: Build – Approved Permits,Structural,38 STREET,Brooklyn,Not Applicable,https://data.cityofnewyork.us/resource/rbx6-tga4.json
2026-10-04,DOB NOW: Build – Approved Permits,Structural,ROCKAWAY BOULEVARD,Queens,PROLOGIS,https://data.cityofnewyork.us/resource/rbx6-tga4.json
2026-10-04,DOB NOW: Build – Approved Permits,General Construction,WOOSTER STREET,Manhattan,Aurora capital,https://data.cityofnewyork.us/resource/rbx6-tga4.json
2026-10-04,DOB NOW: Build – Approved Permits,Structural,BAY PARKWAY,Brooklyn,"CBB Venture, LLC",https://data.cityofnewyork.us/resource/rbx6-tga4.json
2026-10-04,DOB NOW: Build – Approved Permits,Earth Work,KINGSBRIDGE AVENUE,Bronx,CANDOR MANAGEMENT GROUP,https://data.cityofnewyork.us/resource/rbx6-tga4.json
2026-10-04,DOB NOW: Build – Approved Permits,Foundation,NINTH STREET,Brooklyn,PR,https://data.cityofnewyork.us/resource/rbx6-tga4.json
2026-10-04,DOB NOW: Build – Approved Permits,General Construction,WILSON TERRACE,Staten Island,PR,https://data.cityofnewyork.us/resource/rbx6-tga4.json
2026-10-04,DOB NOW: Build – Approved Permits,Structural,116 STREET,Queens,Not Applicable,https://data.cityofnewyork.us/resource/rbx6-tga4.json
2026-10-04,DOB NOW: Build – Approved Permits,Structural,167 STREET,Queens,PR,https://data.cityofnewyork.us/resource/rbx6-tga4.json
2026-10-04,DOB NOW: Build – Approved Permits,Structural,METROPOLITAN OVAL,Bronx,MICHAEL TORRES,https://data.cityofnewyork.us/resource/rbx6-tga4.json
2026-10-04,DOB NOW: Build – Approved Permits,General Construction,WEST   19 STREET,Manhattan,BUCHBINDER & WARREN LLC,https://data.cityofnewyork.us/resource/rbx6-tga4.json
2026-10-04,DOB NOW: Build – Approved Permits,Foundation,BRIELLE AVENUE,Staten Island,NYC PARKS & RECREATION,https://data.cityofnewyork.us/resource/rbx6-tga4.json
2026-10-04,DOB NOW: Build – Approved Permits,General Construction,AMBOY ROAD,Staten Island,M.PUGLIESE & SONS LLC,https://data.cityofnewyork.us/resource/rbx6-tga4.json
2026-10-04,DOB NOW: Build – Approved Permits,General Construction,LORIMER STREET,Brooklyn,Not Applicable,https://data.cityofnewyork.us/resource/rbx6-tga4.json
2026-10-04,DOB NOW: Build – Approved Permits,General Construction,METROPOLITAN OVAL,Bronx,MICHAEL TORRES,https://data.cityofnewyork.us/resource/rbx6-tga4.json
2026-10-04,DOB NOW: Build – Approved Permits,Foundation,NOEL ROAD,Queens,Not Applicable,https://data.cityofnewyork.us/resource/rbx6-tga4.json
2026-10-04,DOB NOW: Build – Approved Permits,Foundation,167 STREET,Queens,PR,https://data.cityofnewyork.us/resource/rbx6-tga4.json
2026-10-04,DOB NOW: Build – Approved Permits,General Construction,EAST   13 STREET,Brooklyn,SHOREFRONTAPTS,https://data.cityofnewyork.us/resource/rbx6-tga4.json
2026-10-04,DOB NOW: Build – Approved Permits,Full Demolition,EAST   31 STREET,Brooklyn,381 E 31st LLC,https://data.cityofnewyork.us/resource/rbx6-tga4.json
2026-10-04,DOB NOW: Build – Approved Permits,General Construction,STERLING PLACE,Brooklyn,NEW YORK CITY HOUSING AUTHORITY,https://data.cityofnewyork.us/resource/rbx6-tga4.json
2026-10-04,DOB NOW: Build – Approved Permits,General Construction,47 AVENUE,Queens,ATLAS CAPITAL GROUP LLC,https://data.cityofnewyork.us/resource/rbx6-tga4.json
2026-10-04,DOB NOW: Build – Approved Permits,General Construction,MADISON AVENUE,Manhattan,SL GREEN REALTY CORP,https://data.cityofnewyork.us/resource/rbx6-tga4.json
2026-10-04,DOB NOW: Build – Approved Permits,General Construction,NASSAU AVENUE,Brooklyn,Not Applicable,https://data.cityofnewyork.us/resource/rbx6-tga4.json
2026-10-04,DOB NOW: Build – Approved Permits,Foundation,MURRAY STREET,Queens,Not Applicable,https://data.cityofnewyork.us/resource/rbx6-tga4.json
2026-10-04,DOB NOW: Build – Approved Permits,General Construction,3 AVENUE,Bronx,CASAFOOD INC,https://data.cityofnewyork.us/resource/rbx6-tga4.json
2026-10-04,DOB NOW: Build – Approved Permits,Foundation,53 ROAD,Queens,6701 53RD LLC,https://data.cityofnewyork.us/resource/rbx6-tga4.json
2026-10-04,DOB NOW: Build – Approved Permits,General Construction,167 STREET,Queens,PR,https://data.cityofnewyork.us/resource/rbx6-tga4.json
2026-10-04,DOB NOW: Build – Approved Permits,General Construction,EAST    9 STREET,Manhattan,PR,https://data.cityofnewyork.us/resource/rbx6-tga4.json
2026-10-04,DOB NOW: Build – Approved Permits,General Construction,147 STREET,Queens,Not Applicable,https://data.cityofnewyork.us/resource/rbx6-tga4.json
2026-10-04,DOB NOW: Build – Approved Permits,General Construction,139 STREET,Queens,UNITED DEVELOPERS LLC,https://data.cityofnewyork.us/resource/rbx6-tga4.json
2026-10-04,DOB NOW: Build – Approved Permits,General Construction,EAST   94 STREET,Brooklyn,MTEK LLC,https://data.cityofnewyork.us/resource/rbx6-tga4.json
2026-10-04,DOB NOW: Build – Approved Permits,Structural,63 STREET,Brooklyn,Not Applicable,https://data.cityofnewyork.us/resource/rbx6-tga4.json
2026-10-04,DOB NOW: Build – Approved Permits,General Construction,RIVERSIDE DRIVE,Manhattan,RCR MANAGEMENT GROUP LLC,https://data.cityofnewyork.us/resource/rbx6-tga4.json
2026-10-04,DOB NOW: Build – Approved Permits,General Construction,WARREN STREET,Manhattan,LAURIE MORAN,https://data.cityofnewyork.us/resource/rbx6-tga4.json
2026-10-04,DOB NOW: Build – Approved Permits,Full Demolition,84 STREET,Brooklyn,Not Applicable,https://data.cityofnewyork.us/resource/rbx6-tga4.json
2026-10-04,DOB NOW: Build – Approved Permits,Foundation,CARMEL AVENUE,Staten Island,IGOR AMBRAMOV,https://data.cityofnewyork.us/resource/rbx6-tga4.json
2026-10-04,DOB NOW: Build – Approved Permits,Structural,EAST 9 STREET,Manhattan,PR,https://data.cityofnewyork.us/resource/rbx6-tga4.json
2026-10-04,DOB NOW: Build – Approved Permits,General Construction,LINCOLN PLACE,Brooklyn,PR,https://data.cityofnewyork.us/resource/rbx6-tga4.json
2026-10-04,DOB NOW: Build – Approved Permits,General Construction,34 AVENUE,Queens,NYCPI2 LLC,https://data.cityofnewyork.us/resource/rbx6-tga4.json
2026-10-04,DOB NOW: Build – Approved Permits,Structural,35 AVENUE,Queens,NYC SCHOOL CONSTRUCTION AUTHORITY,https://data.cityofnewyork.us/resource/rbx6-tga4.json
2026-10-04,DOB NOW: Build – Approved Permits,Structural,147 STREET,Queens,Not Applicable,https://data.cityofnewyork.us/resource/rbx6-tga4.json
2026-10-04,DOB NOW: Build – Approved Permits,Structural,LANDER AVENUE,Staten Island,AJC RENOVATIONS LLC,https://data.cityofnewyork.us/resource/rbx6-tga4.json
2026-10-04,DOB NOW: Build – Approved Permits,Structural,BEECH AVENUE,Queens,N/A,https://data.cityofnewyork.us/resource/rbx6-tga4.json
2026-10-04,DOB NOW: Build – Approved Permits,Construction Fence,169 STREET,Queens,"WINNING EXPEDITING SERVICE,INC.",https://data.cityofnewyork.us/resource/rbx6-tga4.json
2026-10-04,DOB NOW: Build – Approved Permits,General Construction,EAST  146 STREET,Bronx,MANIANI BUILDERS CORP,https://data.cityofnewyork.us/resource/rbx6-tga4.json
2026-10-04,DOB NOW: Build – Approved Permits,General Construction,ARDEN AVENUE,Staten Island,M.PUGLIESE & SONS LLC,https://data.cityofnewyork.us/resource/rbx6-tga4.json
2026-10-04,DOB NOW: Build – Approved Permits,Foundation,EAST   94 STREET,Brooklyn,MTEK LLC,https://data.cityofnewyork.us/resource/rbx6-tga4.json
2026-10-04,DOB NOW: Build – Approved Permits,General Construction,FRONT STREET,Brooklyn,James Hamilton,https://data.cityofnewyork.us/resource/rbx6-tga4.json
2026-10-04,DOB NOW: Build – Approved Permits,General Construction,NEVINS STREET,Brooklyn,PR,https://data.cityofnewyork.us/resource/rbx6-tga4.json
2026-10-04,DOB NOW: Build – Approved Permits,Full Demolition,EAST  204 STREET,Bronx,Euro Tech Developers LLC,https://data.cityofnewyork.us/resource/rbx6-tga4.json
2026-10-04,DOB NOW: Build – Approved Permits,General Construction,GREENE STREET,Manhattan,PR,https://data.cityofnewyork.us/resource/rbx6-tga4.json
2026-10-04,DOB NOW: Build – Approved Permits,Structural,67 AVENUE,Queens,Not Applicable,https://data.cityofnewyork.us/resource/rbx6-tga4.json
2026-10-04,DOB NOW: Build – Approved Permits,Structural,TROUTMAN STREET,Brooklyn,Not Applicable,https://data.cityofnewyork.us/resource/rbx6-tga4.json
2026-10-04,DOB NOW: Build – Approved Permits,Structural,REMSEN STREET,Brooklyn,michelle greenspan,https://data.cityofnewyork.us/resource/rbx6-tga4.json
2026-10-04,DOB NOW: Build – Approved Permits,General Construction,SAINT FELIX STREET,Brooklyn,Not Applicable,https://data.cityofnewyork.us/resource/rbx6-tga4.json
2026-10-04,DOB NOW: Build – Approved Permits,General Construction,GRAND CONCOURSE,Bronx,2855 MANAGEMENT LLC,https://data.cityofnewyork.us/resource/rbx6-tga4.json
2026-10-04,DOB NOW: Build – Approved Permits,General Construction,LEXINGTON AVENUE,Manhattan,MCR Hotels,https://data.cityofnewyork.us/resource/rbx6-tga4.json
2026-10-04,DOB NOW: Build – Approved Permits,General Construction,33 AVENUE,Queens,Guanyin Citta of New York Inc.,https://data.cityofnewyork.us/resource/rbx6-tga4.json
2026-10-04,DOB NOW: Build – Approved Permits,General Construction,SUNNYSIDE AVENUE,Brooklyn,PR,https://data.cityofnewyork.us/resource/rbx6-tga4.json
2026-10-04,DOB NOW: Build – Approved Permits,Foundation,4 AVENUE,Brooklyn,BRUKLYN BUILDERS INC,https://data.cityofnewyork.us/resource/rbx6-tga4.json
2026-10-04,DOB NOW: Build – Approved Permits,General Construction,PITKIN AVENUE,Brooklyn,1596llc,https://data.cityofnewyork.us/resource/rbx6-tga4.json
2026-10-04,DOB NOW: Build – Approved Permits,Earth Work,NORTHERN BOULEVARD,Queens,Not Applicable,https://data.cityofnewyork.us/resource/rbx6-tga4.json
2026-10-04,DOB NOW: Build – Approved Permits,Structural,FLATBUSH AVENUE,Brooklyn,ACHS MANAGMENT,https://data.cityofnewyork.us/resource/rbx6-tga4.json
2026-10-04,DOB NOW: Build – Approved Permits,Structural,53 ROAD,Queens,6701 53RD LLC,https://data.cityofnewyork.us/resource/rbx6-tga4.json
2026-10-04,DOB NOW: Build – Approved Permits,Foundation,OCEAN TERRACE,Staten Island,Not Applicable,https://data.cityofnewyork.us/resource/rbx6-tga4.json
2026-10-04,DOB NOW: Build – Approved Permits,General Construction,EAST BROADWAY,Manhattan,"COMMUNITY ACCESS, INC.",https://data.cityofnewyork.us/resource/rbx6-tga4.json
2026-10-04,DOB NOW: Build – Approved Permits,General Construction,32 AVENUE,Queens,N/A,https://data.cityofnewyork.us/resource/rbx6-tga4.json
2026-10-04,DOB NOW: Build – Approved Permits,General Construction,AUSTIN STREET,Queens,MUSS DEVELOPMENT LLC,https://data.cityofnewyork.us/resource/rbx6-tga4.json
2026-10-04,DOB NOW: Build – Approved Permits,General Construction,EAST  108 STREET,Manhattan,Not Applicable,https://data.cityofnewyork.us/resource/rbx6-tga4.json
2026-10-04,DOB NOW: Build – Approved Permits,Structural,NORTH END AVENUE,Manhattan,Not Applicable,https://data.cityofnewyork.us/resource/rbx6-tga4.json
2026-10-04,DOB NOW: Build – Approved Permits,Structural,PARK AVENUE,Manhattan,THE RITZ TOWER,https://data.cityofnewyork.us/resource/rbx6-tga4.json
2026-10-04,DOB NOW: Build – Approved Permits,Earth Work,EAST   94 STREET,Brooklyn,MTEK LLC,https://data.cityofnewyork.us/resource/rbx6-tga4.json
2026-10-04,DOB NOW: Build – Approved Permits,Construction Fence,EAST   31 STREET,Brooklyn,381 E 31st LLC,https://data.cityofnewyork.us/resource/rbx6-tga4.json
2026-10-04,DOB NOW: Build – Approved Permits,Structural,CROPSEY AVENUE,Brooklyn,2616 Crop LLC,https://data.cityofnewyork.us/resource/rbx6-tga4.json
2026-10-04,DOB NOW: Build – Approved Permits,General Construction,WEBSTER AVENUE,Bronx,1757 TJM FOOD CORP,https://data.cityofnewyork.us/resource/rbx6-tga4.json
2026-10-04,DOB NOW: Build – Approved Permits,Structural,PIDGEON MEADOW ROAD,Queens,N/A,https://data.cityofnewyork.us/resource/rbx6-tga4.json
2026-10-04,DOB NOW: Build – Approved Permits,Support of Excavation,SULLIVAN PLACE,Brooklyn,GALAXY DEVELOPERS LLC,https://data.cityofnewyork.us/resource/rbx6-tga4.json
2026-10-04,DOB NOW: Build – Approved Permits,Structural,IRVING PLACE,BROOKLYN,BROOKLYN B COMPANY GROUP,https://data.cityofnewyork.us/resource/rbx6-tga4.json
2026-10-04,DOB NOW: Build – Approved Permits,General Construction,21 AVENUE,Queens,PR,https://data.cityofnewyork.us/resource/rbx6-tga4.json
2026-10-04,DOB NOW: Build – Approved Permits,Earth Work,116 STREET,Queens,Not Applicable,https://data.cityofnewyork.us/resource/rbx6-tga4.json
2026-10-04,DOB NOW: Build – Approved Permits,General Construction,BAY PARKWAY,Brooklyn,"CBB Venture, LLC",https://data.cityofnewyork.us/resource/rbx6-tga4.json
2026-10-04,YIMBY,New Renderings Showcase Casoni at 989 Sixth Avenue in Midtown’s Garment District,New Renderings Showcase Casoni at 989 Sixth Avenue,Manhattan,Sioni Group in partnership with AB & Sons,https://newyorkyimby.com/2026/10/new-renderings-showcase-casoni-at-989-sixth-avenue-in-midtowns-garment-district.html
2026-10-04,YIMBY,Excavation Begins at 237 East 77th Street on Manhattan’s Upper East Side,Excavation Begins at 237 East 77th Street on Manhattan’s Upper East Side,Manhattan,Yevgeniy Lvovskiy of ZHL Group,https://newyorkyimby.com/2026/10/excavation-begins-at-237-east-77th-street-on-manhattans-upper-east-side.html
2026-10-04,YIMBY,"Financing Secured for Meridia Brownstones Phase II At 1999 Elizabeth Avenue In Rahway, New Jersey","Financing Secured for Meridia Brownstones Phase II At 1999 Elizabeth Avenue In Rahway, New Jersey",,Capodagli Property Company,https://newyorkyimby.com/2026/10/construction-financing-secured-for-meridia-brownstones-phase-ii-at-1999-elizabeth-avenue-in-rahway-new-jersey.html
2026-10-04,YIMBY,"Permits Filed for Housing Lottery Launches for The Cornice at 224 3rd Avenue in Gowanus, Brooklyn",Housing Lottery Launches for The Cornice at 224 3rd Avenue,Brooklyn,Hershy Silberstein of BlueSky Developers,https://newyorkyimby.com/2026/10/permits-filed-for-housing-lottery-launches-for-the-cornice-at-224-3rd-avenue-in-gowanus-brooklyn.html
